Model Name,Accuracy
FC,0.8550724387168884
RNN,0.8405796885490417
LSTM,0.9130434989929199
bi-LSTM,0.8840579986572266