Model Name,Accuracy
FC,0.9615384340286255
RNN,0.9461538195610046
LSTM,0.9615384340286255
bi-LSTM,0.9615384340286255