Model Name,Accuracy
FC,0.9879879951477051
RNN,0.9609609842300415
LSTM,0.9939939975738525
bi-LSTM,0.9939939975738525
