Model Name,Accuracy
FC,0.8962963223457336
RNN,0.8962963223457336
LSTM,0.9259259104728699
bi-LSTM,0.9407407641410828